{
  "results": {
    "GTR-base": {
      "known_text": {
        "exact_match": 0.2,
        "bleu": 0.4228560985167572,
        "rouge_l": 0.6485869198912266,
        "bertscore_f1": 0.9393915216128031
      },
      "unknown_text": {
        "exact_match": 0.0,
        "bleu": 0.24281066278745614,
        "rouge_l": 0.537447786446795,
        "bertscore_f1": 0.9401158197172756
      },
      "paraphrase_text": {
        "exact_match": 0.4,
        "bleu": 0.5196117665702865,
        "rouge_l": 0.7748817140891446,
        "bertscore_f1": 0.9705158034960429
      },
      "medical_text": {
        "exact_match": 0.5862068965517241,
        "bleu": 0.6852451009746441,
        "rouge_l": 0.8866533466533467,
        "bertscore_f1": 0.9854246768458136
      },
      "code": {
        "exact_match": 0.0,
        "bleu": 0.012247749140526053,
        "rouge_l": 0.25628585132772796,
        "bertscore_f1": 0.797899866926259
      }
    },
    "text-embedding-3-small": {
      "known_text": {
        "exact_match": 0.3,
        "bleu": 0.517235667547648,
        "rouge_l": 0.7834493728987479,
        "bertscore_f1": 0.9629427234331767
      },
      "unknown_text": {
        "exact_match": 0.06896551724137931,
        "bleu": 0.29892672781585156,
        "rouge_l": 0.5775905062935607,
        "bertscore_f1": 0.9336910412229341
      },
      "paraphrase_text": {
        "exact_match": 0.6666666666666666,
        "bleu": 0.7588159321410365,
        "rouge_l": 0.8932181761593527,
        "bertscore_f1": 0.9881879607836406
      },
      "medical_text": {
        "exact_match": 0.7586206896551724,
        "bleu": 0.8837473722958409,
        "rouge_l": 0.9581964415902711,
        "bertscore_f1": 0.9958058780637281
      },
      "code": {
        "exact_match": 0.0,
        "bleu": 0.010789359912028269,
        "rouge_l": 0.19626470267631052,
        "bertscore_f1": 0.7814304006510767
      }
    },
    "mistral-embed": {
      "known_text": {
        "exact_match": 0.1,
        "bleu": 0.21916524450911576,
        "rouge_l": 0.5255482921933241,
        "bertscore_f1": 0.920218026638031
      },
      "unknown_text": {
        "exact_match": 0.0,
        "bleu": 0.1852687679883032,
        "rouge_l": 0.44849947583727245,
        "bertscore_f1": 0.9200934952703016
      },
      "paraphrase_text": {
        "exact_match": 0.2,
        "bleu": 0.42295902260259827,
        "rouge_l": 0.718878205758237,
        "bertscore_f1": 0.9610454380512238
      },
      "medical_text": {
        "exact_match": 0.3448275862068966,
        "bleu": 0.6076471610865722,
        "rouge_l": 0.8016603103297373,
        "bertscore_f1": 0.9803771397163128
      },
      "code": {
        "exact_match": 0.0,
        "bleu": 0.006249064335571676,
        "rouge_l": 0.1234207741767662,
        "bertscore_f1": 0.7529364536548483
      }
    }
  },
  "summary": {
    "GTR-base": {
      "known_text": {
        "exact_match": 0.2,
        "bleu": 0.4228560985167572,
        "rouge_l": 0.6485869198912266,
        "bertscore_f1": 0.9393915216128031
      },
      "unknown_text": {
        "exact_match": 0.0,
        "bleu": 0.24281066278745614,
        "rouge_l": 0.537447786446795,
        "bertscore_f1": 0.9401158197172756
      },
      "paraphrase_text": {
        "exact_match": 0.4,
        "bleu": 0.5196117665702865,
        "rouge_l": 0.7748817140891446,
        "bertscore_f1": 0.9705158034960429
      },
      "medical_text": {
        "exact_match": 0.5862068965517241,
        "bleu": 0.6852451009746441,
        "rouge_l": 0.8866533466533467,
        "bertscore_f1": 0.9854246768458136
      },
      "code": {
        "exact_match": 0.0,
        "bleu": 0.012247749140526053,
        "rouge_l": 0.25628585132772796,
        "bertscore_f1": 0.797899866926259
      }
    },
    "text-embedding-3-small": {
      "known_text": {
        "exact_match": 0.3,
        "bleu": 0.517235667547648,
        "rouge_l": 0.7834493728987479,
        "bertscore_f1": 0.9629427234331767
      },
      "unknown_text": {
        "exact_match": 0.06896551724137931,
        "bleu": 0.29892672781585156,
        "rouge_l": 0.5775905062935607,
        "bertscore_f1": 0.9336910412229341
      },
      "paraphrase_text": {
        "exact_match": 0.6666666666666666,
        "bleu": 0.7588159321410365,
        "rouge_l": 0.8932181761593527,
        "bertscore_f1": 0.9881879607836406
      },
      "medical_text": {
        "exact_match": 0.7586206896551724,
        "bleu": 0.8837473722958409,
        "rouge_l": 0.9581964415902711,
        "bertscore_f1": 0.9958058780637281
      },
      "code": {
        "exact_match": 0.0,
        "bleu": 0.010789359912028269,
        "rouge_l": 0.19626470267631052,
        "bertscore_f1": 0.7814304006510767
      }
    },
    "mistral-embed": {
      "known_text": {
        "exact_match": 0.1,
        "bleu": 0.21916524450911576,
        "rouge_l": 0.5255482921933241,
        "bertscore_f1": 0.920218026638031
      },
      "unknown_text": {
        "exact_match": 0.0,
        "bleu": 0.1852687679883032,
        "rouge_l": 0.44849947583727245,
        "bertscore_f1": 0.9200934952703016
      },
      "paraphrase_text": {
        "exact_match": 0.2,
        "bleu": 0.42295902260259827,
        "rouge_l": 0.718878205758237,
        "bertscore_f1": 0.9610454380512238
      },
      "medical_text": {
        "exact_match": 0.3448275862068966,
        "bleu": 0.6076471610865722,
        "rouge_l": 0.8016603103297373,
        "bertscore_f1": 0.9803771397163128
      },
      "code": {
        "exact_match": 0.0,
        "bleu": 0.006249064335571676,
        "rouge_l": 0.1234207741767662,
        "bertscore_f1": 0.7529364536548483
      }
    }
  }
}